,OBJECTID,SOURCE,VIL_UID,CENTER,CNTR_CODE,AFG_UID,POPULATION,LANGUAGE_,LANG_CODE,ELEVATION,LAT_Y,LON_X,MISTI_PROV,MISTI_DIST,VILLAGE_NA,DIST_CODE,DIST_NA_EN,DIST_NA_DA,PROV_NA_EN,PROV_NA_DA,PROV_CODE
78,79,Yale POP_MASTER,KRD-081,District,1,NRZ-KRD-081,500,Pashto,2,602.944397,31.6265,62.8801,NRZ,KRD,Khash Rod,3405,Khashrod,??? ???,Nimroz,??????,34
219,220,Yale POP_MASTER,LJN-059,District,1,FAR-LJN-059,596,Dari,1,515.7188110000001,31.7195,61.6262,FAR,LJN,Lash-e-juwayn,3108,Lash-e-Juwayn,??? ????,Farah,????,31
294,295,Yale POP_MASTER,CKS-121,District,1,NRZ-CKS-121,3200,Balochi,5,483.47378539999994,31.1786,62.0645,NRZ,CKS,Chakhansur,3404,Chakhansur,???????,Nimroz,??????,34
366,367,Yale POP_MASTER,CBR-109,District,1,NRZ-CBR-109,149,Balochi,5,529.3903197999999,30.2816,62.0539,NRZ,CBR,Chahar Burjak,3403,Charburjak,???????,Nimroz,??????,34
1040,1041,Yale POP_MASTER,DES-061,District,1,HLM-DES-061,2800,Hazaragi,8,599.6588135,30.4287,63.3126,HLM,DES,Dishu,3213,Deh-e-shu,????,Hilmand,?????,32
1180,1181,Yale POP_MASTER,ZDJ-083,District,1,HRT-ZDJ-083,7500,Dari,1,830.598999,34.3441,61.7295,HRT,ZDJ,Zindajan,3004,Zindajan,???? ???,Hirat,????,30
1222,1223,Yale POP_MASTER,OBE-032,District,1,HRT-OBE-032,3910,Pashto,2,1300.725952,34.3732,63.2031,HRT,OBE,Band Banafsh,3012,Obe,????,Hirat,????,30
1425,1426,Yale POP_MASTER,KRB-173,District,1,HRT-KRB-173,14000,Dari,1,1238.5119630000002,34.7815,62.1237,HRT,KRB,Kushk,3003,Kushk,????,Hirat,????,30
1497,1498,Yale POP_MASTER,BLB-142,District,1,FAR-BLB-142,1043,Pashto,2,788.6077881,32.7453,62.5589,FAR,BLB,Bala Buluk,3103,Balabuluk,???? ????,Farah,????,31
1546,1547,Yale POP_MASTER,KNG-153,District,1,NRZ-KNG-153,2762,Balochi,5,482.4148865,31.1148,61.8808,NRZ,KNG,Kang,3402,Kang,???,Nimroz,??????,34
1603,1604,Yale POP_MASTER,KSD-073,District,1,FAR-KSD-073,1584,Pashto,2,687.4843139999999,32.6604,62.1207,FAR,KSD,Khak-e-safed,3104,Khak-e-Safed,??? ????,Farah,????,31
1737,1738,Yale POP_MASTER,KKA-114,District,1,HRT-KKA-114,1937,Dari,1,1092.418945,34.8519,62.5602,HRT,KKA,Kushk-e-kohna,3013,Kushk-e-Kohna,???? ????,Hirat,????,30
1930,1931,Yale POP_MASTER,MAR-167,District,1,HLM-MAR-167,67414,Pashto,2,772.324585,31.5136,64.1159,HLM,MAR,Marjeh,3203,Nad-e-Ali,??????,Hilmand,?????,32
2145,2146,Yale POP_MASTER,BKA-076,District,1,FAR-BKA-076,250,Pashto,2,721.0524292,32.2393,62.9457,FAR,BKA,Bakwa,3102,Bakwa,?????,Farah,????,31
2194,2195,Yale POP_MASTER,NES-065,District,1,KND-NES-065,746,Pashto,2,1483.550049,32.4279,65.6348,KND,NES,Nesh (nes),3314,Nesh,???,Kandahar,??????,33
2273,2274,Yale POP_MASTER,RKN-056,District,1,HLM-RKN-056,800,Pashto,2,635.5689697,30.5517,63.7879,HLM,RKN,Reg (khan Neshin),3212,Reg,???,Hilmand,?????,32
2366,2367,Yale POP_MASTER,GRM-235,District,1,HLM-GRM-235,596,Pashto,2,713.7427978999999,31.1319,64.1948,HLM,GRM,Garm Ser,3209,Garmser,??? ???,Hilmand,?????,32
2501,2502,Yale POP_MASTER,NDA-166,District,1,HLM-NDA-166,5000,Pashto,2,795.9937744,31.6396,64.2535,HLM,NDA,Nad-e-ali,3203,Nad-e-Ali,??????,Hilmand,?????,32
2584,2585,Yale POP_MASTER,NIS-261,District,1,HLM-NIS-261,500,Pashto,2,826.067688,31.8273,64.58800000000001,HLM,NIS,Nahr-e-saraj,3202,Nahr-e-Saraj,??? ????,Hilmand,?????,32
2742,2743,Yale POP_MASTER,NWZ-165,District,1,HLM-NWZ-165,1350,Pashto,2,1225.470947,32.4037,64.4661,HLM,NWZ,Naw Zad,3207,Nawzad,?????,Hilmand,?????,32
2837,2838,Yale POP_MASTER,SAN-069,District,1,HLM-SAN-069,9000,Pashto,2,889.8148193,32.0707,64.8403,HLM,SAN,Sangin,3205,Sangin,?????,Hilmand,?????,32
3025,3026,Yale POP_MASTER,GHK-052,District,1,KND-GHK-052,1419,Pashto,2,1160.791992,32.0328,65.1379,KND,GHK,Ghorak,3315,Ghorak,????,Kandahar,??????,33
3407,3408,Yale POP_MASTER,CSF-105,District,1,HRT-CSF-105,2000,Dari,1,1580.494995,34.3443,63.753,HRT,CSF,Chisht-e-sharif,3016,Chisht-e-Sharif,??? ????,Hirat,????,30
3529,3530,Yale POP_MASTER,FAI-110,District,1,HRT-FAI-110,1192,Dari,1,2278.156982,33.7844,63.243,HRT,FAI,Farsi,3011,Farsi,????,Hirat,????,30
3591,3592,Yale POP_MASTER,SHD-331,District,1,HRT-SHD-331,8800,Pashto,2,1073.321045,33.3132,62.1459,HRT,SHD,Shindand,3015,Shindand,??????,Hirat,????,30
3804,3805,Yale POP_MASTER,JAG-578,District,1,GZN-JAG-578,8791,Dari,1,2489.106934,33.1392,67.438,GZN,JAG,Jaghuri,1113,Jaghuri,??????,Ghazni,????,11
3956,3957,Yale POP_MASTER,ANA-049,District,1,FAR-ANA-049,3400,Dari,1,771.2382202,32.7491,61.6723,FAR,ANA,Anar Dara,3111,Anardara,???? ???,Farah,????,31
4056,4057,Yale POP_MASTER,SBK-053,District,1,FAR-SBK-053,1000,Dari,1,576.9144897000001,32.1363,61.6206,FAR,SBK,Shib Koh,3107,Shibkoh,???? ???,Farah,????,31
4254,4255,Yale POP_MASTER,PTR-083,District,1,FAR-PTR-083,2500,Pashto,2,676.9586182,32.4957,62.14,FAR,PTR,Pusht Rod,3105,Pushtrod,??????,Farah,????,31
4409,4410,Yale POP_MASTER,GUN-225,District,1,FAR-GUN-225,298,Pashto,2,1431.25,32.6178,63.6676,FAR,GUN,Gulestan,3109,Gulestan,??????,Farah,????,31
4649,4650,Yale POP_MASTER,MSQ-156,District,1,HLM-MSQ-156,2682,Pashto,2,1045.9570310000001,32.4433,64.7444,HLM,MSQ,Musa Qaleh (1),3206,Musaqalah,???? ????,Hilmand,?????,32
4741,4742,Yale POP_MASTER,KJK-196,District,1,HLM-KJK-196,3725,Pashto,2,993.425415,32.3582,65.1156,HLM,KJK,Kajaki,3210,Kajaki,????,Hilmand,?????,32
5033,5034,Yale POP_MASTER,QEK-106,District,1,FAR-QEK-106,1341,Dari,1,613.5687866000001,32.2951,61.5121,FAR,QEK,Qala-e-kah,3106,Qala-e-Kah,???? ???,Farah,????,31
5174,5175,Yale POP_MASTER,NYB-165,District,1,HLM-NYB-165,5000,Pashto,2,744.7609863,31.3934,64.3303,HLM,NYB,Nawa-e-barak Zaiy,3204,Nawa-e-Barakzaiy,???? ????????,Hilmand,?????,32
5272,5273,Yale POP_MASTER,WSR-074,District,1,HLM-WSR-074,298,Pashto,2,1451.776001,32.336999999999996,64.0142,HLM,WSR,Wa Sher,3208,Washer,?????,Hilmand,?????,32
5508,5509,Yale POP_MASTER,BGN-244,District,1,HLM-BGN-244,7800,Pashto,2,1555.45105,33.0778,65.0918,HLM,BGN,Baghran,3211,Baghran,??????,Hilmand,?????,32
6124,6125,Yale POP_MASTER,MRF-327,District,1,KND-MRF-327,35451,Other,9,1738.4010010000002,31.6445,67.1732,KND,MRF,Maruf,3316,Maruf,?????,Kandahar,??????,33
6310,6311,Yale POP_MASTER,ADN-209,District,1,HRT-ADN-209,298,Dari,1,1350.29895,33.6437,62.2683,HRT,ADN,Adraskan,3010,Adraskan,??????,Hirat,????,30
6557,6558,Yale POP_MASTER,MOQ-086,District,1,BDG-MOQ-086,2086,Pashto,2,933.3325195,35.0437,63.2889,BDG,MOQ,Muqur,2902,Muqur,???,Badghis,??????,29
6581,6582,Yale POP_MASTER,PNZ-186,District,1,HRT-PNZ-186,4768,Dari,1,1088.360962,34.2384,62.6851,HRT,PNZ,Pashtun Zarghun,3006,Pashtunzarghun,????? ?????,Hirat,????,30
6594,6595,Yale POP_MASTER,ABK-107,District,1,BDG-ABK-107,2990,Dari,1,757.4371947999999,35.0867,63.0661,BDG,ABK,Ab-e-kamari,2903,Abkamari,?? ????,Badghis,??????,29
6615,6616,Yale POP_MASTER,QDS-177,District,1,BDG-QDS-177,2086,Dari,1,1298.1519779999999,34.8085,63.425,BDG,QDS,Qadis,2904,Qadis,?????,Badghis,??????,29
6944,6945,Yale POP_MASTER,KOS-045,District,1,HRT-KOS-045,1192,Dari,1,743.3012695,34.6581,61.2076,HRT,KOS,Kohsan,3014,Kohsan,??????,Hirat,????,30
6992,6993,Yale POP_MASTER,GHN-079,District,1,HRT-GHN-079,28300,Pashto,2,795.7443847999999,34.3449,61.4941,HRT,GHN,Ghoryan,3009,Ghoryan,??????,Hirat,????,30
7087,7088,Yale POP_MASTER,BMG-153,District,1,BDG-BMG-153,1043,Pashto,2,469.211792,35.582,63.3248,BDG,BMG,Bala Murghab,2906,Balamurghab,???? ?????,Badghis,??????,29
7312,7313,Yale POP_MASTER,SWK-051,District,1,KND-SWK-051,6705,Pashto,2,1055.631958,31.7823,65.7798,KND,SWK,Shah Wali Kot,3306,Shahwalikot,??? ??? ???,Kandahar,??????,33
7385,7386,Yale POP_MASTER,AG1-066,District,1,KND-AG1-066,42146,Pashto,2,998.4290771,31.6552,65.6495,KND,AG1,Arghandab (1),3302,Arghandab,???????,Kandahar,??????,33
7529,7530,Yale POP_MASTER,KKZ-164,District,1,KND-KKZ-164,1630,Pashto,2,1565.5429689999999,31.9843,65.4742,KND,KKZ,Khakrez,3307,Khakrez,??????,Kandahar,??????,33
7611,7612,Yale POP_MASTER,MWD-135,District,1,KND-MWD-135,2235,Pashto,2,941.6182861,31.6251,65.0477,KND,MWD,Maywand,3308,Maywand,?????,Kandahar,??????,33
7717,7718,Yale POP_MASTER,ZHR-106,District,1,KND-ZHR-106,3729,Pashto,2,970.5297852,31.6133,65.5284,KND,ZHR,Zheray,3303,Zheray,???,Kandahar,??????,33
7920,7921,Yale POP_MASTER,PJW-121,District,1,KND-PJW-121,1788,Pashto,2,946.0130005000001,31.5423,65.4593,KND,PJW,Panj Wayi,3304,Panjwayi,???????,Kandahar,??????,33
8123,8124,Yale POP_MASTER,DAM-089,District,1,KND-DAM-089,3143,Pashto,2,1040.6870119999999,31.6206,65.8983,KND,DAM,Daman,3305,Daman,?????,Kandahar,??????,33
8252,8253,Yale POP_MASTER,SHB-041,District,1,KND-SHB-041,1656,Pashto,2,979.3735962000001,30.1294,65.9977,KND,SHB,Shor Abak,3310,Shorabak,??? ???,Kandahar,??????,33
8258,8259,Yale POP_MASTER,REG-002,District,1,KND-REG-002,92,Pashto,2,917.2667236,29.7251,65.6939,KND,REG,Reg,3309,Reg,???,Kandahar,??????,33
8273,8274,CCI Field Team,SPB-225,District,1,KND-SPB-225,1220,Pashto,2,1215.920044,31.009940000000004,66.39603000000001,KND,SPB,Spin Boldak,3311,Spinboldak,???? ?????,Kandahar,??????,33
8721,8722,Yale POP_MASTER,ARN-252,District,1,KND-ARN-252,894,Pashto,2,1300.1719970000001,31.5587,66.579,KND,ARN,Arghestan (2),3312,Arghestan,???????,Kandahar,??????,33
8817,8818,Yale POP_MASTER,ATR-062,District,1,ZBL-ATR-062,809,Pashto,2,1833.261963,31.7327,67.3519,ZBL,ATR,Atghar (1),2409,Atghar,????,Zabul,????,24
8876,8877,Yale POP_MASTER,SNK-152,District,1,ZBL-SNK-152,750,Pashto,2,2077.810059,31.9671,67.3741,ZBL,SNK,Shinkay,2405,Shinkay,?????,Zabul,????,24
9066,9067,Yale POP_MASTER,SMZ-283,District,1,ZBL-SMZ-283,1490,Pashto,2,2077.894043,31.9103,67.6442,ZBL,SMZ,Shomulzay,2410,Shomulzay,???????,Zabul,????,24
9170,9171,Yale POP_MASTER,KDR-058,District,1,KND-KDR-058,3017,Pashto,2,979.2335205,31.4922,65.689,KND,KDR,Rawani,3301,Kandahar,??????,Kandahar,??????,33
9295,9296,Yale POP_MASTER,TWJ-141,District,1,ZBL-TWJ-141,400,Pashto,2,1258.865967,31.8012,66.3223,ZBL,TWJ,Tarnak Wa Jaldak,2404,Tarnak Wa Jaldak,???? ? ????,Zabul,????,24
9519,9520,Yale POP_MASTER,SHJ-174,District,1,ZBL-SHJ-174,3576,Pashto,2,1864.2840579999997,32.5216,67.4156,ZBL,SHJ,Shah Joy,2406,Shahjoy,??? ???,Zabul,????,24
9655,9656,Yale POP_MASTER,AG2-127,District,1,ZBL-AG2-127,1192,Pashto,2,1727.819946,32.5552,67.0375,ZBL,AG2,Arghandab,2402,Arghandab,???????,Zabul,????,24
9728,9729,Yale POP_MASTER,KAF-085,District,1,ZBL-KAF-085,2500,Dari,1,2681.155029,32.8395,67.0738,ZBL,KAF,Kakar,2407,Kakar,????,Zabul,????,24
9876,9877,Yale POP_MASTER,NBR-126,District,1,ZBL-NBR-126,1043,Pashto,2,2000.28894,32.2123,67.6331,ZBL,NBR,Naw Bahar,2411,Nawbahar,??????,Zabul,????,24
10122,10123,Yale POP_MASTER,ANY-018,District,1,FYB-ANY-018,26700,Uzbek,3,308.2598877,36.9431,65.1275,FYB,ANY,Andkhoy (2),2811,Andkhoy,??????,Faryab,??????,28
10135,10136,Yale POP_MASTER,KCH-016,District,1,FYB-KCH-016,2500,Uzbek,3,280.3685913,37.0109,65.2442,FYB,KCH,Khan-e-char Bagh,2813,Khan-e-Char Bagh,??? ??????,Faryab,??????,28
10169,10170,Yale POP_MASTER,FB2-076,District,1,JWJ-FB2-076,2384,Dari,1,309.41430660000003,36.825,66.4573,JWJ,FB2,Fayz Abad,2705,Fayzabad,??? ????,Jawzjan,??????,27
10405,10406,Yale POP_MASTER,AQA-035,District,1,JWJ-AQA-035,35300,Turkmen,4,292.1896057,36.9159,66.1895,JWJ,AQA,Aqcha,2707,Aqcha,????,Jawzjan,??????,27
10446,10447,Yale POP_MASTER,CBK-111,District,1,BLK-CBK-111,13786,Pashto,2,327.8312073,36.7913,66.6874,BLK,CBK,Char Bulak,1812,Charbulak,??? ????,Balkh,???,18
10607,10608,Yale POP_MASTER,ALM-077,District,1,FYB-ALM-077,1382,Uzbek,3,863.7564697,35.8317,64.5197,FYB,ALM,Almar (2),2805,Almar,?????,Faryab,??????,28
10712,10713,Yale POP_MASTER,PSK-231,District,1,FYB-PSK-231,3377,Uzbek,3,655.0125732000001,36.0453,64.6484,FYB,PSK,Tawakuli Mussa,2803,Pashtunkot,????? ???,Faryab,??????,28
10754,10755,Yale POP_MASTER,STG-125,District,1,FYB-STG-125,3129,Uzbek,3,498.9465027,36.2764,64.8766,FYB,STG,Shirin Tagab,2804,Shirintagab,????? ????,Faryab,??????,28
10810,10811,Yale POP_MASTER,QSR-234,District,1,FYB-QSR-234,5312,Uzbek,3,1256.214966,35.6861,64.2925,FYB,QSR,Qaysar,2806,Qaysar,?????,Faryab,??????,28
11021,11022,Yale POP_MASTER,KQA-023,District,1,JWJ-KQA-023,9685,Turkmen,4,293.1200867,36.868,66.0895,JWJ,KQA,Khanaqa,2706,Khanaqa,?????,Jawzjan,??????,27
11225,11226,Yale POP_MASTER,GAI-190,District,1,DYK-GAI-190,2524,Dari,1,1769.209961,33.5563,65.7182,DYK,GAI,Kiti,2204,kiti,????,Daykundi,???????,22
11555,11556,Yale POP_MASTER,KAR-159,District,1,DYK-KAR-159,2086,Dari,1,2513.694092,33.9242,65.9365,DYK,KAR,Khadir,2203,Khadir,????,Daykundi,???????,22
11832,11833,Yale POP_MASTER,SET-341,District,1,DYK-SET-341,50,Dari,1,2427.854004,34.2224,66.164,DYK,SET,Sang-e-takht,2207,Sang-e-Takht,??? ???,Daykundi,???????,22
12450,12451,Yale POP_MASTER,ASY-421,District,1,DYK-ASY-421,250,Dari,1,2430.059082,34.0659,66.2771,DYK,ASY,Ashtarlay,2202,Ashtarlay,??????,Daykundi,???????,22
12932,12933,Yale POP_MASTER,JWD-395,District,1,BDG-JWD-395,745,Dari,1,911.4016723999999,35.0648,64.1514,BDG,JWD,Jawand,2905,Jawand,????,Badghis,??????,29
13344,13345,Yale POP_MASTER,SRS-465,District,1,DYK-SRS-465,3129,Dari,1,2155.910889,33.6996,66.5612,DYK,SRS,Shahrestan,2206,Shahrestan,???????,Daykundi,???????,22
13633,13634,Yale POP_MASTER,GHH-118,District,1,BDG-GHH-118,2384,Pashto,2,674.5494995,35.7236,63.7857,BDG,GHH,Ghormach,2907,Ghormach,??????,Badghis,??????,29
13776,13777,Yale POP_MASTER,DW1-067,District,1,FYB-DW1-067,1490,Pashto,2,406.5873108,36.4143,64.8854,FYB,DW1,Dowlatabad,2810,Dawlatabad,???? ????,Faryab,??????,28
13964,13965,Yale POP_MASTER,MZN-095,District,1,ZBL-MZN-095,1192,Pashto,2,1406.583008,32.174,66.5131,ZBL,MZN,Mizan,2403,Mizan,?????,Zabul,????,24
14096,14097,Yale POP_MASTER,DAN-112,District,1,ZBL-DAN-112,2086,Pashto,2,2192.636963,32.6286,66.794,ZBL,DAN,Day Chopan,2408,Daychopan,??? ?????,Zabul,????,24
14197,14198,Yale POP_MASTER,KUZ-093,District,1,URG-KUZ-093,2487,Pashto,2,2020.0610350000002,32.926,66.6309,URG,KUZ,Khas Uruzgan,2305,Khasuruzgan,??? ??????,Uruzgan,??????,23
14310,14311,Yale POP_MASTER,COA-114,District,1,URG-COA-114,1192,Pashto,2,1644.671021,32.8394,66.0268,URG,COA,Chora,2302,Chora,????,Uruzgan,??????,23
14566,14567,Yale POP_MASTER,DWD-129,District,1,URG-DWD-129,4000,Pashto,2,1069.598999,32.6239,65.4569,URG,DWD,Dehrawud,2304,Dehrawud,??????,Uruzgan,??????,23
14641,14642,Yale POP_MASTER,SHH-092,District,1,URG-SHH-092,400,Pashto,2,1120.774048,32.9382,65.5743,URG,SHH,Shahid-e-hassas,2303,Shahid-e-Hassas,???? ????,Uruzgan,??????,23
14772,14773,Yale POP_MASTER,KRN-108,District,1,DYK-KRN-108,2533,Pashto,2,1357.072998,33.2007,65.4753,DYK,KRN,Kajran,2208,Kajran,?????,Daykundi,???????,22
14859,14860,Yale POP_MASTER,GIB-128,District,1,DYK-GIB-128,700,Pashto,2,1388.697998,33.3718,66.2764,DYK,GIB,Gizab,2205,Gizab,?????,Daykundi,???????,22
14890,14891,Yale POP_MASTER,QQL-022,District,1,FYB-QQL-022,9964,Turkmen,4,321.725708,36.8764,65.0792,FYB,QQL,Qaram Qol,2812,Qaramqol,??? ??,Faryab,??????,28
14901,14902,Yale POP_MASTER,QGN-015,District,1,FYB-QGN-015,13593,Turkmen,4,313.09188839999996,36.9173,65.0693,FYB,QGN,Qorghan,2814,Qorghan,?????,Faryab,??????,28
14932,14933,Yale POP_MASTER,KDK-039,District,1,JWJ-KDK-039,1490,Turkmen,4,304.33898930000004,36.8377,65.6135,JWJ,KDK,Khwaja Do Koh,2703,Khwajadukoh,????? ?????,Jawzjan,??????,27
14939,14940,Yale POP_MASTER,KAB-011,District,1,JWJ-KAB-011,1399,Turkmen,4,255.0292969,37.5284,65.7205,JWJ,KAB,Khamyab,2710,Khamyab,?????,Jawzjan,??????,27
14951,14952,Yale POP_MASTER,QRQ-015,District,1,JWJ-QRQ-015,10600,Turkmen,4,263.4393921,37.4127,66.0364,JWJ,QRQ,Qarqin,2709,Qarqin,?????,Jawzjan,??????,27
14997,14998,Yale POP_MASTER,MYN-042,District,1,JWJ-MYN-042,4768,Turkmen,4,285.63189700000004,37.0066,66.3124,JWJ,MYN,Mardyan (1),2708,Mardyan,??????,Jawzjan,??????,27
15012,15013,Yale POP_MASTER,MJK-070,District,1,JWJ-MJK-070,4434,Turkmen,4,281.95678710000004,37.0032,66.0862,JWJ,MJK,Mingajik (1),2702,Mingajik,?????,Jawzjan,??????,27
15191,15192,Yale POP_MASTER,MMR-365,District,1,DYK-MMR-365,100,Dari,1,2278.908936,33.8033,66.7802,DYK,MMR,Miramor,2209,Miramor,???????,Daykundi,???????,22
15381,15382,Yale POP_MASTER,TOL-214,District,1,GOR-TOL-214,5709,Dari,1,2242.229004,33.9698,63.7021,GOR,TOL,Tulak,2109,Tolak,????,Ghor,???,21
15642,15643,Yale POP_MASTER,SHR-191,District,1,GOR-SHR-191,1500,Dari,1,2356.324951,34.1115,64.3036,GOR,SHR,Shahrak,2105,Shahrak,????,Ghor,???,21
15693,15694,Yale POP_MASTER,MTN-313,District,1,GZN-MTN-313,5576,Dari,1,2893.801025,33.2962,67.1828,GZN,MTN,Malestan,1117,Malestan,???????,Ghazni,????,11
16163,16164,Yale POP_MASTER,NWR-537,District,1,GZN-NWR-537,400,Dari,1,3075.25,33.8926,67.9524,GZN,NWR,Nawur,1112,Nawur,????,Ghazni,????,11
16329,16330,Yale POP_MASTER,RSD-025,District,1,GZN-RSD-025,908,Pashto,2,2569.486084,33.6993,68.2004,GZN,RSD,Adam Khail,1108,Rashidan,??????,Ghazni,????,11
16362,16363,Yale POP_MASTER,SGR-128,District,1,GOR-SGR-128,1000,Dari,1,2122.409912,33.6775,63.8635,GOR,SGR,Saghar,2110,Saghar,????,Ghor,???,21
16586,16587,Yale POP_MASTER,BED-152,District,1,GZN-BED-152,3864,Dari,1,2720.217041,33.5753,68.1795,GZN,BED,Jaghatu,1109,Jaghatu,????,Ghazni,????,11
16789,16790,Yale POP_MASTER,WMS-066,District,1,GZN-WMS-066,1100,Pashto,2,2380.934082,33.5513,68.2959,GZN,WMS,Wali Muhammadi Shaid.,1103,Walimuhammad-e- Shahid,??? ???? ????,Ghazni,????,11
16829,16830,Yale POP_MASTER,PCM-281,District,1,FAR-PCM-281,596,Dari,1,1203.342041,33.1636,63.5702,FAR,PCM,Pur Chaman,3110,Purchaman,??????,Farah,????,31
17259,17260,Yale POP_MASTER,TYW-283,District,1,GOR-TYW-283,1300,Dari,1,2176.0310059999997,33.52,64.4228,GOR,TYW,Taywarah,2106,Taywarah,?????,Ghor,???,21
17334,17335,Yale POP_MASTER,PSB-345,District,1,GOR-PSB-345,1639,Dari,1,2485.836914,33.6895,64.8557,GOR,PSB,Pasaband,2107,Pasaband,??????,Ghor,???,21
17937,17938,Yale POP_MASTER,DUA-106,District,1,GOR-DUA-106,1156,Dari,1,2176.405029,34.4395,64.8589,GOR,DUA,Khowjagan,2103,DoLayna,?? ????,Ghor,???,21
18078,18079,Yale POP_MASTER,DLY-142,District,1,GOR-DLY-142,450,Dari,1,2454.1201170000004,34.5526,65.7877,GOR,DLY,Dawlat Yar,2104,Dawlatyar,???? ???,Ghor,???,21
18150,18151,Yale POP_MASTER,AJN-075,District,1,GZN-AJN-075,1639,Pashto,2,2573.916016,33.5059,67.1905,GZN,AJN,Ajrestan,1116,Ajrestan,???????,Ghazni,????,11
18200,18201,Yale POP_MASTER,KHU-025,District,1,GZN-KHU-025,2500,Dari,1,2291.519043,33.6891,68.4031,GZN,KHU,Khwaja Umari,1102,Khwajaumari,????? ????,Ghazni,????,11
18279,18280,Yale POP_MASTER,ZNK-044,District,1,GZN-ZNK-044,4741,Pashto,2,2521.85791,33.6822,68.6071,GZN,ZNK,Zana Khan,1107,Zanakhan,??? ???,Ghazni,????,11
18464,18465,Yale POP_MASTER,DYK-066,District,1,GZN-DYK-066,594,Pashto,2,2174.209961,33.5244,68.6328,GZN,DYK,Deh Yak,1106,Dehyak,?? ??,Ghazni,????,11
18690,18691,Yale POP_MASTER,AND-265,District,1,GZN-AND-265,11175,Pashto,2,2076.180908,33.3239,68.4411,GZN,AND,Andar,1105,Andar,????,Ghazni,????,11
18811,18812,Yale POP_MASTER,GIO-098,District,1,GZN-GIO-098,3278,Pashto,2,2057.009033,33.111,68.3047,GZN,GIO,Giro,1111,Giro,????,Ghazni,????,11
18987,18988,Yale POP_MASTER,QB1-389,District,1,GZN-QB1-389,6705,Dari,1,2086.572021,33.1964,68.1075,GZN,QB1,Qarabagh,1110,Qarabagh,??? ???,Ghazni,????,11
19130,19131,Yale POP_MASTER,WGZ-063,District,1,GZN-WGZ-063,1527,Pashto,2,2345.605957,33.363,68.1201,GZN,WGZ,Mohammad Khan,1104,Waghaz,????,Ghazni,????,11
19261,19262,Yale POP_MASTER,ABB-083,District,1,GZN-ABB-083,1937,Pashto,2,2108.2890629999997,32.9897,67.9655,GZN,ABB,Ab Band,1115,Abband,?? ???,Ghazni,????,11
19348,19349,Yale POP_MASTER,MUQ-106,District,1,GZN-MUQ-106,750,Pashto,2,1997.046997,32.8182,67.7714,GZN,MUQ,Muqur,1114,Muqur,???,Ghazni,????,11
19446,19447,Yale POP_MASTER,GLN-146,District,1,GZN-GLN-146,750,Pashto,2,1985.706055,32.7261,67.6387,GZN,GLN,Gelan,1118,Gelan,?????,Ghazni,????,11
19626,19627,Yale POP_MASTER,NAW-090,District,1,GZN-NAW-090,1043,Pashto,2,2012.5799559999998,32.327,67.9019,GZN,NAW,Nawa,1119,Nawa,????,Ghazni,????,11
19668,19669,Yale POP_MASTER,YKH-031,District,1,PKK-YKH-031,5345,Pashto,2,2236.0,33.0512,68.6495,PKK,YKH,Yosuf Khel,2503,Yosufkhel,???? ???,Paktika,??????,25
19734,19735,Yale POP_MASTER,OMN-057,District,1,PKK-OMN-057,2414,Pashto,2,2600.5471190000003,32.9012,68.7957,PKK,OMN,Omna,2507,Omna,?????,Paktika,??????,25
19819,19820,Yale POP_MASTER,YYK-058,District,1,PKK-YYK-058,208,Pashto,2,2135.2890629999997,32.9361,68.6491,PKK,YYK,Yahya Khel,2506,Yahyakhel,??? ???,Paktika,??????,25
19850,19851,Yale POP_MASTER,ZGS-013,District,1,PKK-ZGS-013,900,Pashto,2,2120.4021,32.85,68.4465,PKK,ZGS,Zarghun Shahr,2505,Zarghunshahr,????? ???,Paktika,??????,25
19984,19985,Yale POP_MASTER,JK1-098,District,1,PKK-JK1-098,796,Pashto,2,2051.7338870000003,32.7698,68.4042,PKK,JK1,Jani Khel,2512,Janikhel,???? ???,Paktika,??????,25
20246,20247,Yale POP_MASTER,BAH-130,District,1,BLK-BAH-130,12700,Pashto,2,344.96521,36.758,66.893,BLK,BAH,Balkh,1805,Balkh,???,Balkh,???,18
20318,20319,Yale POP_MASTER,DW2-087,District,1,BLK-DW2-087,13600,Pashto,2,312.0042114,36.9896,66.8229,BLK,DW2,Dawlat Abad,1804,Dawlatabad,???? ????,Balkh,???,18
20438,20439,Yale POP_MASTER,GWN-051,District,1,FYB-GWN-051,5000,Dari,1,1334.1459960000002,35.7058,65.2327,FYB,GWN,Garziwan,2808,Garziwan,???????,Faryab,??????,28
20475,20476,Yale POP_MASTER,BIH-032,District,1,FYB-BIH-032,5000,Uzbek,3,1165.223999,35.8377,65.2331,FYB,BIH,Bil Cheragh,2809,Bilcheragh,??????,Faryab,??????,28
20519,20520,Yale POP_MASTER,DAB-025,District,1,JWJ-DAB-025,1303,Uzbek,3,1209.530029,35.9766,65.393,JWJ,DAB,Awlad (darz Ab),2711,Darzab,??? ??,Jawzjan,??????,27
20579,20580,Yale POP_MASTER,CHA-021,District,1,GOR-CHA-021,1444,Dari,1,2128.5239260000003,35.055,65.0561,GOR,CHA,Khonya,2102,Charsadra,??? ?? ??,Ghor,???,21
20787,20788,Yale POP_MASTER,KT2-100,District,1,FYB-KT2-100,1788,Dari,1,1956.2409670000002,35.381,64.7752,FYB,KT2,Kohestan (qal`a),2807,Kohestan,???????,Faryab,??????,28
20939,20940,Yale POP_MASTER,KNT-158,District,1,SRP-KNT-158,1073,Dari,1,1752.015991,35.7655,65.7637,SRP,KNT,Kohestanat,2003,Kohestanat,?????????,Sar-e-Pul,????,20
21020,21021,Yale POP_MASTER,SYD-090,District,1,SRP-SYD-090,3832,Dari,1,915.3261719000001,36.1413,65.8308,SRP,SYD,Sayad,2002,Sayad,????,Sar-e-Pul,????,20
21298,21299,Yale POP_MASTER,SZQ-077,District,1,SRP-SZQ-077,150,Uzbek,3,858.4172973999999,36.1006,66.2059,SRP,SZQ,Sozma Qala,2004,Sozmaqala,????? ????,Sar-e-Pul,????,20
21360,21361,Yale POP_MASTER,SLG-120,District,1,BLK-SLG-120,13300,Dari,1,582.0739136,36.3421,66.8789,BLK,SLG,Sholgareh,1814,Sholgareh,??????,Balkh,???,18
21413,21414,Yale POP_MASTER,CEL-170,District,1,BLK-CEL-170,8973,Dari,1,398.06878660000007,36.6609,66.77,BLK,CEL,Chemtal,1813,Chemtal,?????,Balkh,???,18
21512,21513,Yale POP_MASTER,DDI-063,District,1,BLK-DDI-063,25061,Dari,1,392.21249389999997,36.6666,66.9777,BLK,DDI,Deh Dadi,1806,Dehdadi,??????,Balkh,???,18
21592,21593,Yale POP_MASTER,SGC-132,District,1,SRP-SGC-132,1000,Dari,1,1218.7459720000002,35.9427,66.4214,SRP,SGC,Sang(san)charak,2007,Sancharak(sangchark),???????,Sar-e-Pul,????,20
21696,21697,Yale POP_MASTER,GOI-115,District,1,SRP-GOI-115,2832,Dari,1,1209.699951,35.9371,66.524,SRP,GOI,Gosfandi,2005,Gosfandi,???????,Sar-e-Pul,????,20
21808,21809,Yale POP_MASTER,DLA-115,District,1,PKK-DLA-115,1482,Pashto,2,1979.4090579999997,32.5976,68.0443,PKK,DLA,Dila (1),2518,Dila,????,Paktika,??????,25
21978,21979,Yale POP_MASTER,MTK-072,District,1,PKK-MTK-072,5795,Pashto,2,2122.908936,33.239000000000004,68.8642,PKK,MTK,Mata Khan,2502,Matakhan,??????,Paktika,??????,25
22143,22144,Yale POP_MASTER,WZK-132,District,1,PKK-WZK-132,745,Pashto,2,2273.555908,32.199,68.3629,PKK,WZK,Waza Khah,2513,Wazakhah,???? ????,Paktika,??????,25
22182,22183,Yale POP_MASTER,GOL-132,District,1,PKK-GOL-132,149,Pashto,2,1835.796997,32.5127,68.8556,PKK,GOL,Gomal,2508,Gomal,????,Paktika,??????,25
22323,22324,Yale POP_MASTER,WMY-119,District,1,PKK-WMY-119,745,Pashto,2,2128.784912,32.0896,68.6732,PKK,WMY,Wor Mamay,2514,Wormamay,?? ???,Paktika,??????,25
22376,22377,Yale POP_MASTER,TWO-045,District,1,PKK-TWO-045,923,Pashto,2,2053.769043,31.7936,68.4027,PKK,TWO,Turwo (tarwe),2519,Turwo (Tarwe),????,Paktika,??????,25
22402,22403,Yale POP_MASTER,BRM-192,District,1,PKK-BRM-192,2533,Pashto,2,2167.229004,32.5291,69.237,PKK,BRM,Bermel (burmul),2515,Bermel,????,Paktika,??????,25
22512,22513,Yale POP_MASTER,SR2-043,District,1,PKK-SR2-043,16600,Pashto,2,2394.738037,32.7887,69.0893,PKK,SR2,Sarobi,2509,Sarobi,?????,Paktika,??????,25
22584,22585,Yale POP_MASTER,SRH-041,District,1,PKK-SRH-041,3525,Pashto,2,2488.790039,33.0742,69.0311,PKK,SRH,Sar Hawzeh (rawzeh),2504,Sarrawzah(Sarhawzah),??????(??????                      ?,Paktika,??????,25
22653,22654,Yale POP_MASTER,URG-094,District,1,PKK-URG-094,700,Pashto,2,2217.823975,32.9402,69.1813,PKK,URG,Urgun,2510,Urgun,?????,Paktika,??????,25
22810,22811,Yale POP_MASTER,GAN-048,District,1,PKK-GAN-048,13942,Pashto,2,2137.883057,32.9782,69.3718,PKK,GAN,Gayan,2516,Gyan,????,Paktika,??????,25
22853,22854,Yale POP_MASTER,ZIR-025,District,1,PKK-ZIR-025,7079,Pashto,2,2349.160889,33.1578,69.3075,PKK,ZIR,Ziruk,2517,Ziruk,?????,Paktika,??????,25
22882,22883,Yale POP_MASTER,NKH-024,District,1,PKK-NKH-024,3129,Pashto,2,2491.2270510000003,33.1894,69.2729,PKK,NKH,Nika,2511,Naka,????,Paktika,??????,25
22953,22954,Yale POP_MASTER,SPE-075,District,1,KST-SPE-075,10561,Pashto,2,1721.375977,33.2025,69.5165,KST,SPE,Spera,2611,Spera,?????,Khost,????,26
23004,23005,Yale POP_MASTER,SML-027,District,1,KST-SML-027,6304,Pashto,2,1668.272949,33.3113,69.5499,KST,SML,Shamal (shamul),2610,Shamal,???,Khost,????,26
23050,23051,Yale POP_MASTER,TNI-135,District,1,KST-TNI-135,10100,Pashto,2,1301.956055,33.2436,69.83,KST,TNI,Tani,2606,Tani,???,Khost,????,26
23152,23153,Yale POP_MASTER,MZI-082,District,1,KST-MZI-082,2257,Pashto,2,1290.19104,33.3069,69.7887,KST,MZI,Mando Zayi,2605,Mandozayi,????????,Khost,????,26
23173,23174,Yale POP_MASTER,NSK-043,District,1,KST-NSK-043,8900,Pashto,2,1419.60498,33.3112,69.6848,KST,NSK,Nadir Shah Kot,2604,Nadirshahkot,??????? ???,Khost,????,26
23237,23238,Yale POP_MASTER,QLD-040,District,1,KST-QLD-040,1668,Pashto,2,2227.481934,33.4668,69.645,KST,QLD,Qalandar,2609,Qalandar,?????,Khost,????,26
23306,23307,Yale POP_MASTER,SBR-092,District,1,KST-SBR-092,9089,Pashto,2,1419.4179689999999,33.5774,69.8842,KST,SBR,Sabari,2602,Sabari,????,Khost,????,26
23438,23439,Yale POP_MASTER,GRB-058,District,1,KST-GRB-058,13828,Pashto,2,1206.088989,33.288000000000004,69.9127,KST,GRB,Gurbuz,2607,Gurbuz,????,Khost,????,26
23554,23555,Yale POP_MASTER,TZY-076,District,1,KST-TZY-076,6583,Pashto,2,1038.237061,33.42,70.1352,KST,TZY,Tere Zayi,2608,Terezayi,??? ????,Khost,????,26
23699,23700,Yale POP_MASTER,BAK-036,District,1,KST-BAK-036,2086,Pashto,2,1199.300049,33.5257,70.0413,KST,BAK,Bak (2),2612,Bak,???,Khost,????,26
23785,23786,Yale POP_MASTER,JMN-090,District,1,KST-JMN-090,6887,Pashto,2,1366.248047,33.6301,70.1243,KST,JMN,Jaji Maydan,2613,Jajimaydan,???? ?????,Khost,????,26
23839,23840,Yale POP_MASTER,MSK-079,District,1,KST-MSK-079,6316,Pashto,2,1856.9279789999998,33.5419,69.7346,KST,MSK,Musa Khel,2603,Musakhel,???? ???,Khost,????,26
23913,23914,Yale POP_MASTER,JK2-046,District,1,PKY-JK2-046,796,Pashto,2,1973.300049,33.6578,69.7733,PKY,JK2,Jani Khel,1209,Janikhel,???? ???,Paktya,?????,12
23944,23945,Yale POP_MASTER,CHM-086,District,1,PKY-CHM-086,9685,Pashto,2,1807.21106,33.8069,69.7889,PKY,CHM,Chamkani,1210,Chamkani,?????,Paktya,?????,12
24035,24036,Yale POP_MASTER,DWP-045,District,1,PKY-DWP-045,9955,Pashto,2,1571.623047,33.8205,69.9434,PKY,DWP,Dand Wa Patan,1211,Dand wa Patan,??? ?????,Paktya,?????,12
24069,24070,Yale POP_MASTER,LAM-065,District,1,PKY-LAM-065,5678,Pashto,2,2314.167969,33.7667,69.6667,PKY,LAM,Lajamangal,1207,Lija Ahmad Khel,??? ???? ???,Paktya,?????,12
24131,24132,Yale POP_MASTER,LAK-066,District,1,PKY-LAK-066,500,Pashto,2,2013.54895,33.841,69.6208,PKY,LAK,Lija Ahmad Khel,1207,Lija Ahmad Khel,??? ???? ???,Paktya,?????,12
24171,24172,Yale POP_MASTER,SYK-067,District,1,PKY-SYK-067,9536,Pashto,2,2510.5778809999997,33.7259,69.4004,PKY,SYK,Sayed Karam,1202,Sayedkaram,??????,Paktya,?????,12
24243,24244,Yale POP_MASTER,ADD-024,District,1,PKY-ADD-024,2428,Pashto,2,2373.322998,33.6356,69.3013,PKY,ADD,Eissa Khail,1203,Ahmadaba,???? ???,Paktya,?????,12
24386,24387,Yale POP_MASTER,SHW-028,District,1,PKY-SHW-028,400,Pashto,2,2286.75,33.4233,69.377,PKY,SHW,Shawak,1205,Shawak,????,Paktya,?????,12
24487,24488,Yale POP_MASTER,ZRM-190,District,1,PKY-ZRM-190,6705,Pashto,2,2163.739014,33.4564,69.0548,PKY,ZRM,Zurmat,1204,Zurmat,?????,Paktya,?????,12
24627,24628,Yale POP_MASTER,JJI-083,District,1,PKY-JJI-083,2000,Pashto,2,2161.229004,33.9429,69.7118,PKY,JJI,Ali Khel (jaji),1208,Alikhel (Jaji),??? ???,Paktya,?????,12
24699,24700,Yale POP_MASTER,AZA-066,District,1,LGR-AZA-066,2200,Pashto,2,2345.99707,34.1746,69.6441,LGR,AZA,Azra,507,Azra,????,Logar,????,5
24820,24821,Yale POP_MASTER,MHA-144,District,1,LGR-MHA-144,6705,Pashto,2,1879.71106,34.2152,69.0961,LGR,MHA,Mohammad Agha,503,Mohammadagha,???????,Logar,????,5
24887,24888,Yale POP_MASTER,SHT-024,District,1,BLK-SHT-024,6220,Turkmen,4,282.499115,37.3393,66.8458,BLK,SHT,Shor Tepa,1803,Shortepa,??? ????,Balkh,???,18
25119,25120,Yale POP_MASTER,DER-053,District,1,NGR-DER-053,12519,Pashai,6,896.2520142000001,34.6502,70.5919,NGR,DER,Dara-e-nur,609,Dara-e-Nur,??? ???,Nangarhar,???????,6
25223,25224,Yale POP_MASTER,ALR-110,District,1,LGM-ALR-110,900,Pashto,2,912.5927124,34.8409,70.3639,LGM,ALR,Alingar,704,Alingar,???????,Laghman,?????,7
25318,25319,Yale POP_MASTER,DAI-081,District,1,LGM-DAI-081,4974,Pashai,6,1527.465942,34.9487,70.0725,LGM,DAI,Daulatshahi,705,Dawlatshah,???? ???,Laghman,?????,7
25503,25504,Yale POP_MASTER,ZAR-181,District,1,BLK-ZAR-181,2980,Dari,1,948.6328125,35.9675,66.727,BLK,ZAR,Zari,1816,Zari,????,Balkh,???,18
25654,25655,Yale POP_MASTER,KEH-206,District,1,BLK-KEH-206,2980,Dari,1,773.8344116000001,36.1478,66.9398,BLK,KEH,Keshendeh,1815,Keshendeh,?????,Balkh,???,18
25827,25828,Yale POP_MASTER,BAB-144,District,1,SRP-BAB-144,1497,Dari,1,1721.814941,35.5058,66.5213,SRP,BAB,Balkh Ab,2006,Balkhab,?????,Sar-e-Pul,????,20
25935,25936,Yale POP_MASTER,RDA-109,District,1,SMG-RDA-109,1788,Dari,1,2308.416016,35.5633,67.8232,SMG,RDA,Ruy-e-du Ab,1907,Ruy-e-Duab,??? ?? ??,Samangan,??????,19
26048,26049,Yale POP_MASTER,DSP-188,District,1,SMG-DSP-188,1723,Dari,1,2200.496094,35.6718,67.0732,SMG,DSP,Way Balaq,1905,Dara-e Suf-e-Bala,??? ??? ????,Samangan,??????,19
26186,26187,Yale POP_MASTER,DSB-222,District,1,SMG-DSB-222,3129,Dari,1,1214.161011,35.9713,67.2585,SMG,DSB,Darah Suf-e- Payin,1904,Dara-e- Suf-e- Payin,??? ??? ?????,Samangan,??????,19
26378,26379,Yale POP_MASTER,CKT-094,District,1,BLK-CKT-094,499,Dari,1,1857.843018,36.4193,67.1869,BLK,CKT,Char Kent (1),1807,Charkent,??? ???,Balkh,???,18
26409,26410,Yale POP_MASTER,HSN-056,District,1,SMG-HSN-056,3278,Uzbek,3,811.7354126,36.4124,67.8907,SMG,HSN,Hazrat-e- Sultan,1902,Hazrat-e- Sultan,???? ?????,Samangan,??????,19
26428,26429,Yale POP_MASTER,FNR-013,District,1,SMG-FNR-013,1488,Uzbek,3,788.7520752,36.5261,67.6834,SMG,FNR,Feroz Nakhcheer,1903,Feroznakhchir,????? ?????,Samangan,??????,19
26451,26452,Yale POP_MASTER,MML-013,District,1,BLK-MML-013,2938,Dari,1,1444.537964,36.5432,67.3211,BLK,MML,Marmol,1808,Marmul,??????,Balkh,???,18
26485,26486,Yale POP_MASTER,KUM-046,District,1,BLK-KUM-046,40800,Dari,1,438.0093079,36.7022,67.7256,BLK,KUM,Khulm,1809,Khulm,???,Balkh,???,18
26713,26714,Yale POP_MASTER,KSI-063,District,1,LGR-KSI-063,5985,Pashto,2,2246.041016,33.9968,69.2162,LGR,KSI,Khoshi,502,Khoshi,????,Logar,????,5
26841,26842,Yale POP_MASTER,BRB-154,District,1,LGR-BRB-154,3900,Dari,1,1940.713989,33.9674,68.9476,LGR,BRB,Baraki Barak,504,Barakibarak,???? ???,Logar,????,5
26959,26960,Yale POP_MASTER,CHH-074,District,1,LGR-CHH-074,6705,Dari,1,2095.3911129999997,33.7959,68.9414,LGR,CHH,Charkh,505,Charkh,???,Logar,????,5
27036,27037,Yale POP_MASTER,KWR-057,District,1,LGR-KWR-057,500,Pashto,2,2511.235107,33.7117,68.8904,LGR,KWR,Kharwar,506,Kharwar,?????,Logar,????,5
27164,27165,Yale POP_MASTER,HEK-124,District,1,NGR-HEK-124,3725,Pashto,2,1537.577026,34.2988,69.8068,NGR,HEK,Hesarak,610,Hesarak,?????,Nangarhar,???????,6
27292,27293,Yale POP_MASTER,SRZ-126,District,1,NGR-SRZ-126,9536,Pashto,2,1517.343018,34.2491,69.9922,NGR,SRZ,Sherzad,611,Sherzad,??????,Nangarhar,???????,6
27411,27412,Yale POP_MASTER,KGI-122,District,1,NGR-KGI-122,3347,Pashto,2,1306.284058,34.2412,70.1591,NGR,KGI,Qelegho,604,Khogyani,???????,Nangarhar,???????,6
27502,27503,Yale POP_MASTER,PAM-062,District,1,NGR-PAM-062,13595,Pashto,2,1208.5720210000002,34.2033,70.2842,NGR,PAM,Pachier Agam,612,Pachieragam,????????,Nangarhar,???????,6
27570,27571,Yale POP_MASTER,CAR-070,District,1,NGR-CAR-070,23094,Pashto,2,944.9052124,34.2779,70.3615,NGR,CAR,Chaparhar,605,Chaparhar,??? ???,Nangarhar,???????,6
27646,27647,Yale POP_MASTER,SRR-117,District,1,NGR-SRR-117,1200,Pashto,2,697.5454712000001,34.4122,70.2952,NGR,SRR,Surkh Rod,603,Surkhrod,??? ???,Nangarhar,???????,6
27753,27754,Yale POP_MASTER,QGI-159,District,1,LGM-QGI-159,9712,Pashto,2,643.2036743,34.534,70.2949,LGM,QGI,Qarghayi,703,Qarghayi,???? ??,Laghman,?????,7
27827,27828,Yale POP_MASTER,BHD-085,District,1,NGR-BHD-085,4619,Pashto,2,544.9857787999999,34.4093,70.5134,NGR,BHD,Behsud (1),602,Behsud,?????,Nangarhar,???????,6
27940,27941,Yale POP_MASTER,KMA-084,District,1,NGR-KMA-084,8123,Pashto,2,510.83609010000004,34.4061,70.6415,NGR,KMA,Kama,607,Kama,????,Nangarhar,???????,6
27993,27994,Yale POP_MASTER,GOA-057,District,1,NGR-GOA-057,23666,Pashto,2,484.439209,34.3539,70.7778,NGR,GOA,Goshta,616,Goshta,?????,Nangarhar,???????,6
28034,28035,Yale POP_MASTER,RDT-062,District,1,NGR-RDT-062,12963,Pashto,2,784.1030883999999,34.2551,70.5666,NGR,RDT,Rodat,606,Rodat,?????,Nangarhar,???????,6
28084,28085,Yale POP_MASTER,KOT-049,District,1,NGR-KOT-049,13697,Pashto,2,751.0742187999999,34.1933,70.6414,NGR,KOT,Kot,614,Kot,???,Nangarhar,???????,6
28170,28171,Yale POP_MASTER,DEA-073,District,1,NGR-DEA-073,2533,Pashto,2,1144.67395,34.1563,70.4452,NGR,DEA,Deh Bala,613,Dehbala,?? ????,Nangarhar,???????,6
28224,28225,Yale POP_MASTER,ACN-154,District,1,NGR-ACN-154,16674,Pashto,2,973.2011107999999,34.1227,70.7122,NGR,ACN,Achin,617,Achin,????,Nangarhar,???????,6
28333,28334,Yale POP_MASTER,SNW-041,District,1,NGR-SNW-041,4079,Pashto,2,639.4121094,34.1962,70.789,NGR,SNW,Shinwar,618,Shinwar,??????,Nangarhar,???????,6
28373,28374,Yale POP_MASTER,NZI-045,District,1,NGR-NZI-045,500,Pashto,2,917.1013184000001,34.1091,70.8017,NGR,NZI,Nazian,621,Nazyan,??????,Nangarhar,???????,6
28431,28432,Yale POP_MASTER,DRA-043,District,1,NGR-DRA-043,8780,Pashto,2,1519.6870119999999,34.0417,70.9292,NGR,DRA,Dor Baba,622,Durbaba,??? ????,Nangarhar,???????,6
28474,28475,Yale POP_MASTER,MHD-047,District,1,NGR-MHD-047,1200,Pashto,2,467.9133911,34.2469,70.8625,NGR,MHD,Muhmand Dara,619,Muhmand Dara,????? ???,Nangarhar,???????,6
28527,28528,Yale POP_MASTER,LPR-024,District,1,NGR-LPR-024,9939,Pashto,2,447.6570129,34.2404,71.0506,NGR,LPR,Lal Pur,620,Lalpur,??? ???,Nangarhar,???????,6
28558,28559,Yale POP_MASTER,BKT-067,District,1,NGR-BKT-067,28237,Pashto,2,545.4072266,34.2604,70.7424,NGR,BKT,Bati Kot,615,Batikot,??? ???,Nangarhar,???????,6
28740,28741,Yale POP_MASTER,ALG-141,District,1,LGM-ALG-141,31872,Pashto,2,1056.290039,34.7838,70.10600000000001,LGM,ALG,Alishang,702,Alishang,??????,Laghman,?????,7
28886,28887,Yale POP_MASTER,NGL-071,District,1,KUN-NGL-071,8289,Pashto,2,668.4161987000001,34.6106,70.7639,KUN,NGL,Nurgal,1314,Nurgal,?????,Kunar,??? ??,13
28965,28966,Yale POP_MASTER,KKU-091,District,1,KUN-KKU-091,11005,Pashto,2,704.6549072,34.6482,70.8917,KUN,KKU,Khas Kunar,1309,Khaskunar,??? ???,Kunar,??? ??,13
29079,29080,Yale POP_MASTER,SAW-061,District,1,KUN-SAW-061,4819,Pashto,2,793.5844116000001,34.6978,70.908,KUN,SAW,Chawkay,1308,Chawkay,????,Kunar,??? ??,13
29175,29176,Yale POP_MASTER,CDA-092,District,1,KUN-CDA-092,11600,Pashto,2,1434.3320310000001,34.9786,70.7282,KUN,CDA,Chapa Dara,1313,Chapadara,??? ???,Kunar,??? ??,13
29275,29276,Yale POP_MASTER,DEH-130,District,1,KUN-DEH-130,8746,Pashto,2,1001.109009,34.9794,70.9072,KUN,DEH,Dara-e-pech,1307,Dara-e-Pech,??? ???,Kunar,??? ??,13
29330,29331,Yale POP_MASTER,NRG-075,District,1,KUN-NRG-075,10538,Pashto,2,778.9536743,34.7646,71.0676,KUN,NRG,Narang,1303,Narang,????,Kunar,??? ??,13
29363,29364,Yale POP_MASTER,SRK-038,District,1,KUN-SRK-038,12077,Pashto,2,792.5144042999999,34.7918,71.1104,KUN,SRK,Sarkani,1304,Sarkani,??????,Kunar,??? ??,13
29425,29426,Yale POP_MASTER,MRW-036,District,1,KUN-MRW-036,27160,Pashto,2,860.5261230000001,34.89,71.1785,KUN,MRW,Marawara,1305,Marawara,?????,Kunar,??? ??,13
29539,29540,Yale POP_MASTER,WTP-090,District,1,KUN-WTP-090,1341,Pashto,2,883.3939819,34.9374,71.0827,KUN,WTP,Wata Pur,1302,Watapur,??? ???,Kunar,??? ??,13
29636,29637,Yale POP_MASTER,SWS-086,District,1,KUN-SWS-086,4930,Pashto,2,887.6383057,34.9674,71.2691,KUN,SWS,Shigal Wa Shel Tan,1306,Shigal Wa sheltan,???? ?????,Kunar,??? ??,13
29693,29694,Yale POP_MASTER,DGM-062,District,1,KUN-DGM-062,4843,Pashto,2,1245.9179689999999,34.9928,71.4193,KUN,DGM,Dangam (2),1310,Dangam,??????,Kunar,??? ??,13
29724,29725,Yale POP_MASTER,BKR-049,District,1,KUN-BKR-049,3576,Pashto,2,968.4597167999999,35.0406,71.3619,KUN,BKR,Bar Kunar,1311,Barkunar,?????,Kunar,??? ??,13
29795,29796,Yale POP_MASTER,GAD-065,District,1,KUN-GAD-065,11771,Nuristani,7,1044.3339839999999,35.1381,71.3836,KUN,GAD,Ghazi Abad,1312,Ghaziabad,???? ????,Kunar,??? ??,13
29865,29866,Yale POP_MASTER,YGQ-062,District,1,TKR-YGQ-062,4100,Uzbek,3,472.77209469999997,37.4653,69.6125,TKR,YGQ,Yangi Qala,1611,Yangi Qala,???? ????,Takhar,????,16
29892,29893,Yale POP_MASTER,KBN-023,District,1,TKR-KBN-023,11000,Uzbek,3,432.18258669999994,37.3482,69.532,TKR,KBN,Khwaja Bahwddin,1612,Khwajabahawuddin,????? ?????????,Takhar,????,16
29938,29939,Yale POP_MASTER,CHD-063,District,1,KDZ-CHD-063,3129,Pashto,2,384.6012878,36.6924,68.8055,KDZ,CHD,Char Darah,1704,Chardarah,???? ???,Kunduz,????,17
30144,30145,Yale POP_MASTER,DAR-145,District,1,KDZ-DAR-145,9917,Pashto,2,403.67459110000004,37.0866,69.233,KDZ,DAR,Dasht-e-archi,1707,Dasht-e-Archi,??? ????,Kunduz,????,17
30212,30213,Yale POP_MASTER,HSH-015,District,1,TKR-HSH-015,1025,Uzbek,3,499.2858887,37.0265,69.5582,TKR,HSH,Ganda Bahi,1602,Hazarsumuch,???? ????,Takhar,????,16
30265,30266,Yale POP_MASTER,KGR-058,District,1,TKR-KGR-058,14100,Uzbek,3,511.46520999999996,37.0647,69.4229,TKR,KGR,Khwaja Ghar,1614,Khwajaghar,????? ???,Takhar,????,16
30298,30299,Yale POP_MASTER,DQA-048,District,1,TKR-DQA-048,4321,Uzbek,3,447.4852905,37.1577,69.45,TKR,DQA,Dasht-e-qala,1613,Dasht-e- Qala,??? ????,Takhar,????,16
30378,30379,Yale POP_MASTER,KDH-033,District,1,NRS-KDH-033,1347,Nuristani,7,1578.737061,35.4151,71.3457,NRS,KDH,Kamdesh,1407,Kamdesh,??????,Nuristan,???????,14
30423,30424,Yale POP_MASTER,WYG-043,District,1,NRS-WYG-043,14580,Nuristani,7,1921.2719730000001,35.188,70.9905,NRS,WYG,Waygal,1406,Waygal,?????,Nuristan,???????,14
30452,30453,Yale POP_MASTER,WAM-016,District,1,NRS-WAM-016,447,Nuristani,7,1841.6040039999998,35.1159,70.7431,NRS,WAM,Wama,1405,Wama,????,Nuristan,???????,14
30520,30521,Yale POP_MASTER,MDL-061,District,1,NRS-MDL-061,1043,Nuristani,7,1966.9090579999997,35.2842,70.1707,NRS,MDL,Mandol,1402,Mandol,?????,Nuristan,???????,14
30556,30557,Yale POP_MASTER,BML-024,District,1,NRS-BML-024,447,Nuristani,7,2166.9379879999997,35.6756,71.3462,NRS,BML,Barg-e-matal,1408,Barg-e- Matal,??? ????,Nuristan,???????,14
30596,30597,Yale POP_MASTER,NGM-054,District,1,NRS-NGM-054,500,Pashto,2,1182.067017,34.941,70.3782,NRS,NGM,Nurgeram,1404,Nurgeram,???????,Nuristan,???????,14
30627,30628,Yale POP_MASTER,DUB-028,District,1,NRS-DUB-028,2086,Pashai,6,1614.769043,35.1505,70.2989,NRS,DUB,Du Ab,1403,Duab,?? ??,Nuristan,???????,14
30680,30681,Yale POP_MASTER,NEI-009,District,1,BLK-NEI-009,7579,Dari,1,371.0664063,36.6921,67.0774,BLK,NEI,Baba Yadgar,1802,Nahr-e- Shahi,??? ????,Balkh,???,18
31079,31080,Yale POP_MASTER,YAK-374,District,1,BMY-YAK-374,1341,Dari,1,2545.793945,34.7384,66.9723,BMY,YAK,Yakawlang,1003,Yakawlang,???????,Bamyan,??????,10
31583,31584,Yale POP_MASTER,PJB-386,District,1,BMY-PJB-386,900,Dari,1,2711.474121,34.3844,67.0208,BMY,PJB,Panjab,1004,Panjab,?????,Bamyan,??????,10
32365,32366,Yale POP_MASTER,WAR-702,District,1,BMY-WAR-702,3725,Dari,1,2524.9221190000003,34.2252,66.9112,BMY,WAR,Waras,1007,Waras,???,Bamyan,??????,10
32441,32442,Yale POP_MASTER,KMD-059,District,1,BMY-KMD-059,1341,Dari,1,1809.902954,35.3147,67.6087,BMY,KMD,Kahmard,1006,Kahmard,?????,Bamyan,??????,10
32494,32495,Yale POP_MASTER,SGN-064,District,1,BMY-SGN-064,1376,Dari,1,2072.052979,35.1844,67.6844,BMY,SGN,Sayghan,1002,Sayghan,?????,Bamyan,??????,10
32627,32628,Yale POP_MASTER,SHI-141,District,1,BMY-SHI-141,3576,Dari,1,2673.040039,34.8765,68.1553,BMY,SHI,Shibar,1005,Shibar,????,Bamyan,??????,10
33186,33187,Yale POP_MASTER,DRQ-036,District,1,TKR-DRQ-036,1200,Dari,1,435.3684081999999,37.3853,69.4574,TKR,DRQ,Darqad,1617,Darqad,????,Takhar,????,16
33821,33822,Yale POP_MASTER,CAB-076,District,1,TKR-CAB-076,19500,Dari,1,1057.787964,37.3926,69.8174,TKR,CAB,Chah Ab,1610,Chahab,??? ??,Takhar,????,16
33890,33891,Yale POP_MASTER,MBD-786,District,1,WDK-MBD-786,4619,Dari,1,2959.760986,34.3432,67.9052,WDK,MBD,Behsud,408,Markaz-e-Behsud,???? ?????,Wardak,????,4
34011,34012,Yale POP_MASTER,HBD-363,District,1,WDK-HBD-363,4289,Dari,1,3054.677979,34.5106,68.2728,WDK,HBD,Hesa-e- Awale Behsud,404,Hesa-e- Awal-e- Behsud,??? ??? ?????,Wardak,????,4
34287,34288,Yale POP_MASTER,RTQ-189,District,1,TKR-RTQ-189,10500,Uzbek,3,1300.331055,37.1295,69.8253,TKR,RTQ,Rostaq,1609,Rostaq,??????,Takhar,????,16
34405,34406,Yale POP_MASTER,NAR-067,District,1,KUN-NAR-067,2533,Pashto,2,1095.218018,35.2234,71.52199999999999,KUN,NAR,Nari,1315,Nari,????,Kunar,??? ??,13
34442,34443,Yale POP_MASTER,DMD-128,District,1,WDK-DMD-128,2821,Pashto,2,2472.614014,34.2203,68.3053,WDK,DMD,Day Mirdad,405,Daymirdad,?????????,Wardak,????,4
34598,34599,Yale POP_MASTER,CHK-192,District,1,WDK-CHK-192,4917,Pashto,2,2173.283936,34.1115,68.5876,WDK,CHK,Chak-e Wardak,406,Chak,??,Wardak,????,4
34708,34709,Yale POP_MASTER,IMS-176,District,1,KDZ-IMS-176,10598,Uzbek,3,355.915802,37.1823,68.9215,KDZ,IMS,Emam Saheb,1702,Emamsaheb,???? ????,Kunduz,????,17
34773,34774,Yale POP_MASTER,KLD-018,District,1,BLK-KLD-018,2794,Turkmen,4,299.8294067,37.209,67.6239,BLK,KLD,Kaldar (1),1810,Kaldar,?????,Balkh,???,18
34804,34805,Yale POP_MASTER,QEZ-051,District,1,KDZ-QEZ-051,2980,Pashto,2,332.4979858,37.010999999999996,68.4586,KDZ,QEZ,Qala-e-zal,1703,Qala-e-Zal,???? ???,Kunduz,????,17
34925,34926,Yale POP_MASTER,ARO-140,District,1,BDK-ARO-140,4000,Dari,1,1699.266968,37.0586,70.4,BDK,ARO,Argo,1503,Argo,????,Badakhshan,??????,15
34971,34972,Yale POP_MASTER,KNB-188,District,1,KDZ-KNB-188,48600,Dari,1,492.87399289999996,36.6823,69.1086,KDZ,KNB,Khan Abad,1706,Khanabad,??? ????,Kunduz,????,17
34987,34988,Yale POP_MASTER,ESH-099,District,1,TKR-ESH-099,7889,Uzbek,3,1115.01001,36.3924,69.3244,TKR,ESH,Ishkamish,1615,Eshkashem,?????,Takhar,????,16
35015,35016,Yale POP_MASTER,KGN-045,District,1,TKR-KGN-045,4470,Uzbek,3,1549.735962,36.7783,69.9371,TKR,KGN,Kalafgan,1608,Kalafgan,??????,Takhar,????,16
35292,35293,Yale POP_MASTER,SEB-082,District,1,BDK-SEB-082,5089,Dari,1,1736.927002,37.3111,70.1715,BDK,SEB,Shahr-e-buzorg,1508,Shahr-e-Buzorg,??? ????,Badakhshan,??????,15
35404,35405,Yale POP_MASTER,YFS-095,District,1,BDK-YFS-095,800,Dari,1,1570.087036,37.2971,70.4281,BDK,YFS,Yaftal-e-sufla,1502,Yaftal-e-Sufla,???? ????,Badakhshan,??????,15
35471,35472,Yale POP_MASTER,JRZ-132,District,1,WDK-JRZ-132,4559,Dari,1,2357.770996,34.4713,68.648,WDK,JRZ,Jalrez,402,Jalrez,?????,Wardak,????,4
35619,35620,Yale POP_MASTER,YWN-077,District,1,BDK-YWN-077,2086,Dari,1,1668.177002,37.525999999999996,70.4525,BDK,YWN,Yawan,1507,Yawan,?????,Badakhshan,??????,15
35689,35690,Yale POP_MASTER,RST-116,District,1,BDK-RST-116,225,Dari,1,2467.525879,37.5904,70.5577,BDK,RST,Raghestan,1506,Raghestan,???????,Badakhshan,??????,15
35810,35811,Yale POP_MASTER,KHN-051,District,1,BDK-KHN-051,2980,Dari,1,1041.714966,37.8868,70.2189,BDK,KHN,Khwahan,1517,Khwahan,??????,Badakhshan,??????,15
35841,35842,Yale POP_MASTER,KFB-064,District,1,BDK-KFB-064,200,Dari,1,1449.458008,38.0389,70.4784,BDK,KFB,Kof Ab,1516,Kofab,??? ??,Badakhshan,??????,15
35946,35947,Yale POP_MASTER,SHK-056,District,1,BDK-SHK-056,400,Dari,1,1172.928955,38.2442,70.5515,BDK,SHK,Shaki,1525,Shaki,???,Badakhshan,??????,15
36004,36005,Yale POP_MASTER,SRP-167,District,1,PWN-SRP-167,4881,Dari,1,2158.9770510000003,34.9206,68.6515,PWN,SRP,Surkhe Parsa,310,Surkh-e- Parsa,??? ?????,Parwan,?????,3
36097,36098,Yale POP_MASTER,SHA-127,District,1,PWN-SHA-127,3129,Dari,1,2221.4770510000003,34.9493,68.5155,PWN,SHA,Shekh Ali,309,Shekhali,??? ???,Parwan,?????,3
36114,36115,Yale POP_MASTER,DAZ-093,District,1,BDK-DAZ-093,200,Dari,1,1293.8959960000002,38.4424,70.8104,BDK,DAZ,Darwaz,1524,Darwaz,?????,Badakhshan,??????,15
36357,36358,Yale POP_MASTER,DBA-079,District,1,BDK-DBA-079,200,Dari,1,1600.595947,38.4101,71.04,BDK,DBA,Darwaz-e-balla,1515,Darwaz-e-Balla,????? ????,Badakhshan,??????,15
36434,36435,Yale POP_MASTER,WAD-054,District,1,BDK-WAD-054,1192,Dari,1,2349.332031,36.6932,71.1538,BDK,WAD,Teer Garan,1522,Warduj,?????,Badakhshan,??????,15
36453,36454,Yale POP_MASTER,ZBK-038,District,1,BDK-ZBK-038,1056,Dari,1,3100.36792,36.5678,71.3492,BDK,ZBK,Zebak,1527,Zebak,?????,Badakhshan,??????,15
36500,36501,Yale POP_MASTER,ESK-052,District,1,BDK-ESK-052,5682,Dari,1,2676.246094,36.7126,71.5739,BDK,ESK,Eshkashem,1523,Eshkmesh,??????,Badakhshan,??????,15
36551,36552,Yale POP_MASTER,JSJ-097,District,1,PWN-JSJ-097,9900,Dari,1,1603.151001,35.115,69.2407,PWN,JSJ,Jabalussaraj,302,Jabalussaraj,??? ??????,Parwan,?????,3
36588,36589,Yale POP_MASTER,SAL-123,District,1,PWN-SAL-123,2533,Dari,1,1914.328979,35.2039,69.2182,PWN,SAL,Salang,306,Salang,?????,Parwan,?????,3
36748,36749,Yale POP_MASTER,KAH-038,District,1,BDK-KAH-038,2992,Dari,1,2106.440918,36.9761,70.7409,BDK,KAH,Khash,1511,Khash,???,Badakhshan,??????,15
36792,36793,Yale POP_MASTER,BAM-113,District,1,PWN-BAM-113,41264,Dari,1,1482.047974,34.9465,69.2562,PWN,BAM,Bagram (2),304,Bagram,?????,Parwan,?????,3
36872,36873,Yale POP_MASTER,ESF-043,District,1,KBL-ESF-043,33616,Dari,1,1843.203979,34.8303,69.0772,KBL,ESF,Estalef,114,Estalef,??????,Kabul,????,1
36886,36887,Yale POP_MASTER,DYM-108,District,1,BDK-DYM-108,1500,Dari,1,1639.8320310000001,36.8994,70.3749,BDK,DYM,Darayem,1510,Darayem,?????,Badakhshan,??????,15
36964,36965,Yale POP_MASTER,SKD-108,District,1,KBL-SKD-108,25157,Pashto,2,2046.609985,34.6862,69.0285,KBL,SKD,Shakardara,103,Shakardara,??????,Kabul,????,1
37245,37246,Yale POP_MASTER,PGM-140,District,1,KBL-PGM-140,42800,Pashto,2,2288.839111,34.5884,68.9585,KBL,PGM,Paghman,104,Paghman,?????,Kabul,????,1
37286,37287,Yale POP_MASTER,TEK-074,District,1,BDK-TEK-074,3177,Dari,1,1287.301025,36.8837,70.27600000000001,BDK,TEK,Teshkan,1509,Teshkan,?????,Badakhshan,??????,15
37385,37386,Yale POP_MASTER,YMG-060,District,1,BDK-YMG-060,800,Dari,1,1881.647949,36.5226,70.7905,BDK,YMG,Yamgan,1520,Yamgan,?????,Badakhshan,??????,15
37424,37425,Yale POP_MASTER,KEM-112,District,1,BDK-KEM-112,2980,Dari,1,979.6517944,36.8168,70.1044,BDK,KEM,Kishim,1518,Keshem,???,Badakhshan,??????,15
37474,37475,Yale POP_MASTER,KWN-053,District,1,BDK-KWN-053,149,Nuristani,7,2581.408936,36.0297,70.7753,BDK,KWN,Koran Wa Monjan,1526,Koran wa Monjan,???? ??????,Badakhshan,??????,15
37499,37500,Yale POP_MASTER,FAR-064,District,1,TKR-FAR-064,8100,Dari,1,1152.0410160000001,36.5734,69.8586,TKR,FAR,Farkhar,1607,Farkhar,?????,Takhar,????,16
37585,37586,Yale POP_MASTER,QB2-059,District,1,KBL-QB2-059,9300,Dari,1,1539.704956,34.8554,69.1651,KBL,QB2,Qarabagh,108,Qarabagh,??? ???,Kabul,????,1
37621,37622,Yale POP_MASTER,NMB-047,District,1,TKR-NMB-047,250,Dari,1,1072.968018,36.6198,69.6278,TKR,NMB,Namak Ab,1606,Namakab,??? ??,Takhar,????,16
37744,37745,Yale POP_MASTER,BUA-096,District,1,BGL-BUA-096,6120,Uzbek,3,1200.795044,36.2226,69.1579,BGL,BUA,Burka,910,Burka,?????,Baghlan,?????,9
37858,37859,Yale POP_MASTER,ALI-082,District,1,KDZ-ALI-082,5811,Pashto,2,431.889801,36.4973,68.9098,KDZ,ALI,Ali Abad (2),1705,Aliabad,??? ????,Kunduz,????,17
37988,37989,Yale POP_MASTER,SDA-093,District,1,BDK-SDA-093,1174,Dari,1,2006.727051,37.067,71.1124,BDK,SDA,Madrasa Ya Bosht,1513,Shuhada,????,Badakhshan,??????,15
38079,38080,Yale POP_MASTER,ARW-003,District,1,BDK-ARW-003,802,Dari,1,2744.626953,37.1133,70.8524,BDK,ARW,Aryan (1),1504,Arghanjkhwa,?????????,Badakhshan,??????,15
38119,38120,Yale POP_MASTER,BK2-037,District,1,BDK-BK2-037,2235,Uzbek,3,1514.1130369999998,37.0118,70.88600000000001,BDK,BK2,Baharak (1),1512,Baharak,?????,Badakhshan,??????,15
38389,38390,Yale POP_MASTER,KT1-110,District,1,BDK-KT1-110,100,Dari,1,2154.1298829999996,37.473,70.6151,BDK,KT1,Kohestan,1505,Kohestan,???????,Badakhshan,??????,15
38526,38527,Yale POP_MASTER,NRK-152,District,1,WDK-NRK-152,4936,Pashto,2,2194.556885,34.3664,68.78399999999999,WDK,NRK,Nerkh,403,Nerkh,???,Wardak,????,4
38755,38756,Yale POP_MASTER,SYB-163,District,1,WDK-SYB-163,5901,Pashto,2,2106.045898,33.999,68.71600000000001,WDK,SYB,Saydabad,407,Saydabad,??? ????,Wardak,????,4
38956,38957,Yale POP_MASTER,JAU-110,District,1,WDK-JAU-110,1937,Pashto,2,2480.556885,33.8212,68.399,WDK,JAU,Jaghatu,409,Jaghatu,????,Wardak,????,4
39021,39022,Yale POP_MASTER,SYG-117,District,1,PWN-SYG-117,500,Pashto,2,1927.459961,34.9891,68.847,PWN,SYG,Syah Gerd,307,Ghorband,??????,Parwan,?????,3
39105,39106,Yale POP_MASTER,SWI-101,District,1,PWN-SWI-101,7959,Pashto,2,1759.564941,35.037,69.0141,PWN,SWI,Shinwari,303,Shinwari,???????,Parwan,?????,3
39172,39173,Yale POP_MASTER,KSF-069,District,1,PWN-KSF-069,100,Pashto,2,1758.342041,34.8587,69.3981,PWN,KSF,Koh-e- Safi,308,Koh-e- Safi,??? ????,Parwan,?????,3
39220,39221,Yale POP_MASTER,GUA-042,District,1,KBL-GUA-042,6705,Dari,1,1961.6070559999998,34.7451,69.046,KBL,GUA,Guldara,111,Guldara,?????,Kabul,????,1
39326,39327,Yale POP_MASTER,BGM-056,District,1,KBL-BGM-056,10117,Dari,1,1787.625977,34.4945,69.2766,KBL,BGM,Bagrami,107,Bagrami,??????,Kabul,????,1
39384,39385,Yale POP_MASTER,MUS-054,District,1,KBL-MUS-054,500,Pashto,2,1824.94104,34.3744,69.2275,KBL,MUS,Musayi,106,Musayi,?????,Kabul,????,1
39448,39449,Yale POP_MASTER,KJR-044,District,1,KBL-KJR-044,2856,Pashto,2,2191.365967,34.3744,69.3959,KBL,KJR,Khak-e- Jabbar,112,Khak-e- Jabbar,??? ????,Kabul,????,1
39576,39577,Yale POP_MASTER,SR1-182,District,1,KBL-SR1-182,16600,Pashto,2,981.2130127,34.5896,69.7647,KBL,SR1,Surobi,113,Surobi,?????,Kabul,????,1
39657,39658,Yale POP_MASTER,DEZ-058,District,1,KBL-DEZ-058,25299,Pashto,2,1776.823975,34.5992,69.2601,KBL,DEZ,Deh Sabz,102,Dehsabz,?? ???,Kabul,????,1
39698,39699,Yale POP_MASTER,MBT-033,District,1,KBL-MBT-033,4100,Dari,1,1670.160034,34.7508,69.12100000000001,KBL,MBT,Mir Bacha Kot,110,Mirbachakot,??? ??? ???,Kabul,????,1
39708,39709,Yale POP_MASTER,KKN-028,District,1,KBL-KKN-028,71424,Dari,1,1589.369995,34.7852,69.1476,KBL,KKN,Kalakan,109,Kalakan,?????,Kabul,????,1
39757,39758,Yale POP_MASTER,SHG-083,District,1,BDK-SHG-083,500,Hazaragi,8,2085.170898,37.5531,71.4933,BDK,SHG,Shighnan,1514,Shighnan,?????,Badakhshan,??????,15
39769,39770,Yale POP_MASTER,WKH-121,District,1,BDK-WKH-121,149,Hazaragi,8,2834.697021,36.9498,72.3191,BDK,WKH,Wakhan,1528,Wakhan,?????,Badakhshan,??????,15
40149,40150,Yale POP_MASTER,BK1-067,District,1,TKR-BK1-067,21214,Dari,1,712.9055176,36.8062,69.4148,TKR,BK1,Baharak,1603,Baharak,?????,Takhar,????,16
40177,40178,Yale POP_MASTER,BNG-081,District,1,TKR-BNG-081,14725,Uzbek,3,668.9415283,36.724000000000004,69.2983,TKR,BNG,Bangi (2),1604,Bangi,????,Takhar,????,16
40373,40374,Yale POP_MASTER,KBD-049,District,1,KAP-KBD-049,200,Pashai,6,1973.7519530000002,35.0893,69.4777,KAP,KBD,Koh Band,203,Kohband,??? ???,Kapisa,??????,2
40550,40551,Yale POP_MASTER,QST-049,District,1,JWJ-QST-049,24904,Uzbek,3,919.0888062000001,36.0857,65.3878,JWJ,QST,Qosh Tepa,2704,Qushtepa,??? ????,Jawzjan,??????,27
40618,40619,Yale POP_MASTER,JOM-080,District,1,BDK-JOM-080,5000,Dari,1,1549.588989,36.8681,70.8349,BDK,JOM,Jorm,1521,Jorm,???,Badakhshan,??????,15
40648,40649,Yale POP_MASTER,TG1-056,District,1,BDK-TG1-056,1097,Dari,1,2386.12793,36.466,70.1832,BDK,TG1,Mir Kan,1519,Tagab,????,Badakhshan,??????,15
40701,40702,Yale POP_MASTER,CHL-064,District,1,TKR-CHL-064,4047,Dari,1,1174.3709720000002,36.5305,69.5376,TKR,CHL,Chal,1605,Chal,???,Takhar,????,16
40846,40847,Yale POP_MASTER,HDK-015,District,1,KAP-HDK-015,1368,Dari,1,1548.618042,35.084,69.37100000000001,KAP,HDK,Dahi Now,204,Hisa-e- Duwum-e- Kohestan,??? ??? ???????,Kapisa,??????,2
41011,41012,Yale POP_MASTER,HAK-096,District,1,KAP-HAK-096,1000,Dari,1,1598.0040279999998,35.1402,69.3026,KAP,HAK,Hesa-e-awale Kohestan,207,Hisa-e- Awal-e- Kohestan,??? ??? ???????,Kapisa,??????,2
41075,41076,Yale POP_MASTER,ONB-043,District,1,PJR-ONB-043,3000,Dari,1,1747.0839839999999,35.2298,69.3741,PJR,ONB,Onaba(anawa),806,Onaba(Anawa),?????,Panjsher,??????,8
41118,41119,Yale POP_MASTER,RUK-045,District,1,PJR-RUK-045,7152,Dari,1,1918.0059809999998,35.266,69.4736,PJR,RUK,Rukha,803,Rukha,????,Panjsher,??????,8
41278,41279,Yale POP_MASTER,WRJ-111,District,1,TKR-WRJ-111,1043,Dari,1,1815.819946,36.2027,70.0247,TKR,WRJ,Warsaj,1616,Warsaj,????,Takhar,????,16
41310,41311,Yale POP_MASTER,KAN-057,District,1,BGL-KAN-057,300,Dari,1,1449.4530029999999,36.0407,69.2508,BGL,KAN,Khwaja Hejran,909,Khwajahejran,????? ?????,Baghlan,?????,9
41417,41418,Yale POP_MASTER,NRN-138,District,1,BGL-NRN-138,16000,Dari,1,1157.829956,36.0658,69.1356,BGL,NRN,Nahrin,905,Nahrin,?????,Baghlan,?????,9
41607,41608,Yale POP_MASTER,DEG-146,District,1,BGL-DEG-146,2200,Dari,1,790.9310912999999,35.9103,68.4904,BGL,DEG,Dahana-e-ghory,903,Dahana-e-Ghori,???? ????,Baghlan,?????,9
41700,41701,Yale POP_MASTER,DAA-077,District,1,PJR-DAA-077,2235,Dari,1,2329.988037,35.2874,69.661,PJR,DAA,Dara,804,Dara,???,Panjsher,??????,8
41769,41770,Yale POP_MASTER,KEJ-076,District,1,PJR-KEJ-076,2384,Dari,1,2577.407959,35.4351,69.7224,PJR,KEJ,Khenj (hes-e- Awal),805,Khenj (Hes-e- Awal),( ??? (??? ???,Panjsher,??????,8
41809,41810,Yale POP_MASTER,PRN-043,District,1,PJR-PRN-043,2384,Dari,1,2620.48999,35.6266,70.0118,PJR,PRN,Parian,807,Paryan,?????,Panjsher,??????,8
41867,41868,Yale POP_MASTER,SYY-071,District,1,PWN-SYY-071,7000,Dari,1,1499.508057,35.0595,69.2616,PWN,SYY,Sayd Khel,305,Saydkhel,??????,Parwan,?????,3
42148,42149,Yale POP_MASTER,GRN-338,District,1,HRT-GRN-338,894,Dari,1,946.3704833999999,34.9408,61.7787,HRT,GRN,Gulran (2),3008,Gulran,?????,Hirat,????,30
42306,42307,Yale POP_MASTER,DUS-012,District,1,BGL-DUS-012,3278,Dari,1,949.8916016000001,35.6123,68.6887,BGL,DUS,Dowshi,904,Doshi,????,Baghlan,?????,9
42440,42441,Yale POP_MASTER,KJN-085,District,1,BGL-KJN-085,2086,Dari,1,1074.154053,35.6027,68.9046,BGL,KJN,Khenjan,907,Khenjan,?????,Baghlan,?????,9
42589,42590,Yale POP_MASTER,ARB-074,District,1,BGL-ARB-074,2235,Dari,1,1511.68103,35.634,69.259,BGL,ARB,Andarab,908,Andarab,??????,Baghlan,?????,9
42679,42680,Yale POP_MASTER,PLH-059,District,1,BGL-PLH-059,2235,Dari,1,1991.402954,35.6173,69.4705,BGL,PLH,Pul-e-hesar,911,Pul-e-Hesar,?? ????,Baghlan,?????,9
42743,42744,Yale POP_MASTER,DSH-091,District,1,BGL-DSH-091,2235,Dari,1,1636.779053,35.6891,69.3139,BGL,DSH,Deh Salah,912,Dehsalah,?? ????,Baghlan,?????,9
42767,42768,Yale POP_MASTER,TBR-107,District,1,BGL-TBR-107,745,Dari,1,1174.755005,35.4154,68.2526,BGL,TBR,Tala Wa Barfak,906,Tala Wa barfak,???? ?????,Baghlan,?????,9
43040,43041,Yale POP_MASTER,KRH-128,District,1,HRT-KRH-128,14100,Dari,1,1105.9139400000001,34.3941,62.4317,HRT,KRH,Karukh (2),3007,Karukh,????,Hirat,????,30
43089,43090,Yale POP_MASTER,NZS-212,District,1,HRT-NZS-212,17758,Dari,1,959.0175780999999,34.2328,62.2219,HRT,NZS,Guzara,3005,Guzara,????,Hirat,????,30
43370,43371,Yale POP_MASTER,INL-232,District,1,HRT-INL-232,67897,Dari,1,930.8831787,34.327,62.2185,HRT,INL,Injil,3002,Injil,?????,Hirat,????,30
43715,43716,Yale POP_MASTER,LSL-495,District,1,GOR-LSL-495,200,Dari,1,2822.7338870000003,34.5038,66.3345,GOR,LSL,Lal Wa Sarjangal,2108,Lal Wa Sarjangal,??? ? ??????,Ghor,???,21
43867,43868,Yale POP_MASTER,GNR-015,District,1,BGL-GNR-015,941,Dari,1,1772.906982,36.2084,69.5842,BGL,GNR,Dahi Yahya,914,Guzargah-e- Nur,?????? ???,Baghlan,?????,9
43900,43901,Yale POP_MASTER,FWU-024,District,1,BGL-FWU-024,1210,Dari,1,1862.35498,36.1233,69.667,BGL,FWU,Murad Shahr,915,Fereng Wa Gharu,???? ?????,Baghlan,?????,9
43999,44000,Yale POP_MASTER,KFG-137,District,1,BGL-KFG-137,1937,Dari,1,1582.869995,36.0149,69.6037,BGL,KFG,Khowst Wa Fereng,913,Khost Wa Fereng,???? ? ????,Baghlan,?????,9
44200,44201,Yale POP_MASTER,KSH-082,District,1,SMG-KSH-082,1639,Dari,1,1444.6130369999998,35.9961,68.0537,SMG,KSH,Khuram Wa Sarbagh,1906,Khuram Wa Sarbagh,??? ???????,Samangan,??????,19
44254,44255,Yale POP_MASTER,BIJ-225,District,1,BGL-BIJ-225,56200,Pashto,2,535.5056152,36.1221,68.6861,BGL,BIJ,Baghlan-e-jadid,902,Baghlan-e-Jadid,????? ????,Baghlan,?????,9
44271,44272,Yale POP_MASTER,STL-017,District,1,PJR-STL-017,500,Dari,1,1710.977051,35.2125,69.3149,PJR,STL,Shutul,802,Shutul,????,Panjsher,??????,8
44331,44332,Yale POP_MASTER,NJB-185,District,1,KAP-NJB-185,18966,Dari,1,1660.682983,34.9794,69.5721,KAP,NJB,Nejrab,202,Nejrab,?????,Kapisa,??????,2
44436,44437,Yale POP_MASTER,TG2-141,District,1,KAP-TG2-141,600,Pashto,2,1331.397949,34.8555,69.6507,KAP,TG2,Tagab,205,Tagab,????,Kapisa,??????,2
44489,44490,Yale POP_MASTER,ALY-064,District,1,KAP-ALY-064,12112,Pashai,6,1597.77002,34.8953,69.7213,KAP,ALY,Alasay,206,Alasay,??? ???,Kapisa,??????,2
44611,44612,Yale POP_MASTER,MYA-060,District,1,KND-MYA-060,100,Pashto,2,2318.399902,32.4097,66.3731,KND,MYA,Miyanshin,3313,Miyanshin,???????,Kandahar,??????,33
44668,44669,Yale POP_MASTER,CHB-082,District,1,KBL-CHB-082,7500,Pashto,2,1816.956055,34.3995,69.1646,KBL,CHB,Chahar Asyab (2),105,Chaharasyab,???? ?????,Kabul,????,1
44703,44704,USAID AIDVillageView,SHE-001,District,1,BLK-SHE-001,0,Turkmen,4,304.7616882,37.2215,67.4196,BLK,SHE,Hayratan,1811,Sharak-e-Hayratan,???? ??????,Balkh,???,18
44797,44798,Yale POP_MASTER,KPH-072,District,1,FYB-KPH-072,5000,Uzbek,3,706.2523193,36.0752,64.8365,FYB,KPH,Khwaja Sabzposh,2802,Khwajasabzposh,????? ??????,Faryab,??????,28
44901,44902,Yale POP_MASTER,WDZ-083,District,1,PKY-WDZ-083,450,Pashto,2,2013.531006,33.3695,69.4321,PKY,WDZ,Zadran,1206,Zadran,??????,Paktya,?????,12
44963,44964,Yale POP_MASTER,FAA-023,District,1,KBL-FAA-023,1000,Pashto,2,1965.838989,34.7927,69.0523,KBL,FAA,Farza,115,Farza,????,Kabul,????,1
44983,44984,Yale POP_MASTER,KZK-076,District,1,NGR-KZK-076,15059,Pashto,2,602.1975708,34.5701,70.5842,NGR,KZK,Kuz Kunar,608,Kuzkunar,??? ???,Nangarhar,???????,6
